Ordem,Numero,Data,Natureza,Orcamento,Origem,Valor,Atualizacao,Situacao
490,0500657-73.2021.8.02.9003,16/6/2021,Comum,2022,TJAL,"25.019.669,39",jul./21,
495,0500851-73.2021.8.02.9003,23/6/2021,Comum,2022,TJAL,"17.155.297,20",jul./21,
202,0500437-46.2019.8.02.9003,19/6/2019,Comum,2020,TJAL,"12.689.148,27",30/6/2020,
203,0500438-31.2019.8.02.9003,19/6/2019,Comum,2020,TJAL,"12.689.148,26",30/6/2020,
20,0500126-06.2016.8.02.0000,8/3/2016,Comum,2017,TJAL,"7.078.511,14",31/3/2021,PAGO
207,0343760-80.2019.4.05.0000,1/7/2019,Comum,2020,TRF5,"5.868.971,15",1/7/2020,
456,0500750-36.2021.8.02.9003,21/6/2021,Alimentar,2022,TJAL,"5.344.053,08",jul./21,
319,0500530-09.2019.8.02.9003,28/11/2019,Comum,2021,TJAL,"4.706.576,88",30/6/2020,
489,0500658-58.2021.8.02.9003,16/6/2021,Comum,2022,TJAL,"3.421.826,79",jul./21,
494,0500749-51.2021.8.02.9003,21/6/2021,Comum,2022,TJAL,"3.195.811,45",jul./21,
92,0500333-05.2016.8.02.0000,5/7/2016,Comum,2018,TJAL,"2.840.608,23",30/6/2020,Em via de Caucionamento de valor p Pgt.
101,0001409-29.2013.8.02.0000,22/6/2017,Comum,2018,TJAL,"2.500.393,92",30/6/2020,Em via de Caucionamento de valor p Pgt.
483,0500245-45.2021.8.02.9003,8/12/2020,Comum,2022,TJAL,"1.818.114,41",jul./21,
184,0500233-02.2019.8.02.9003,29/4/2019,Alimentar,2020,TJAL,"1.783.579,22",30/6/2020,
185,0500234-84.2019.8.02.9003,29/4/2019,Alimentar,2020,TJAL,"1.783.579,22",30/6/2020,
158,0500091-95.2019.8.02.9003,19/11/2018,Alimentar,2020,TJAL,"1.684.559,79",30/6/2020,
159,0500092-80.2019.8.02.9003,19/11/2018,Alimentar,2020,TJAL,"1.677.426,27",30/6/2020,
197,0500100-57.2019.8.02.9003,22/11/2018,Comum,2020,TJAL,"1.367.570,42",30/6/2020,
138,0500013-38.2018.8.02.9003,21/2/2018,Comum,2019,TJAL,"1.259.510,11",30/6/2020,Em via de Caucionamento de valor p Pgt.
205,0343760-80.2019.4.05.0000,1/7/2019,Comum,2020,TRF5,"1.223.390,17",1/7/2020,
14,0500056-86.2016.8.02.0000,20/1/2016,Comum,2017,TJAL,"1.127.007,36",31/3/2021,PAGO
40,0500365-10.2016.8.02.0000,19/8/2016,Alimentar,2018,TJAL,"1.085.741,68",30/6/2020,Em via de Caucionamento de valor p Pgt.
493,0500661-13.2021.8.02.9003,21/6/2021,Comum,2022,TJAL,"826.530,90",jul./21,
370,0500455-96.2021.8.02.9003,3/5/2021,Alimentar,2022,TJAL,"783.451,39",jul./21,
188,0500244-31.2019.8.02.9003,14/5/2019,Alimentar,2020,TJAL,"714.754,09",30/6/2020,
173,0500122-18.2019.8.02.9003,11/12/2018,Alimentar,2020,TJAL,"671.380,04",30/6/2020,
12,0500038-65.2016.8.02.0000,5/1/2016,Comum,2017,TJAL,"670.164,92",31/3/2021,PAGO
204,0343755-58.2019.4.05.0000,1/7/2019,Comum,2020,TRF5,"655.483,90",1/7/2020,
457,0500781-56.2021.8.02.9003,22/6/2021,Alimentar,2022,TJAL,"647.291,24",jul./21,
458,0500782-41.2021.8.02.9003,22/6/2021,Alimentar,2022,TJAL,"647.291,24",jul./21,
459,0500783-26.2021.8.02.9003,22/6/2021,Alimentar,2022,TJAL,"624.493,31",jul./21,
169,0500118-78.2019.8.02.9003,11/12/2018,Alimentar,2020,TJAL,"609.732,18",30/6/2020,
170,0500119-63.2019.8.02.9003,11/12/2018,Alimentar,2020,TJAL,"607.134,04",30/6/2020,
124,0500336-23.2017.8.02.0000,23/10/2017,Alimentar,2019,TJAL,"601.765,11",30/6/2020,Em via de Caucionamento de valor p Pgt.
172,0500121-33.2019.8.02.9003,11/12/2018,Alimentar,2020,TJAL,"592.432,30",30/6/2020,
123,0500335-38.2017.8.02.0000,23/10/2017,Alimentar,2019,TJAL,"583.898,21",30/6/2020,Em via de Caucionamento de valor p Pgt.
25,0500297-60.2016.8.02.0000,21/6/2016,Comum,2017,TJAL,"582.952,32",31/3/2021,PAGO
168,0500117-93.2019.8.02.9003,11/12/2018,Alimentar,2020,TJAL,"554.278,55",30/6/2020,
100,0500234-98.2017.8.02.0000,21/6/2017,Comum,2018,TJAL,"542.666,88",30/6/2020,Em via de Caucionamento de valor p Pgt.
16,0500058-56.2016.8.02.0000,28/1/2016,Comum,2017,TJAL,"536.944,47",31/3/2021,PAGO
460,0500784-11.2021.8.02.9003,22/6/2021,Alimentar,2022,TJAL,"510.954,93",jul./21,
93,0500360-85.2016.8.02.0000,2/8/2016,Comum,2018,TJAL,"486.443,84",30/6/2020,Em via de Caucionamento de valor p Pgt.
325,0500574-91.2020.8.02.9003,3/9/2020,Alimentar,2022,TJAL,"452.605,84",jul./21,
171,0500120-48.2019.8.02.9003,11/12/2018,Alimentar,2020,TJAL,"446.413,15",30/6/2020,
17,0500089-76.2016.8.02.0000,17/2/2016,Comum,2017,TJAL,"439.273,20",31/3/2021,PAGO
482,01019/2021/RP,28/6/2021,Alimentar,2022,TRT-19,"426.179,41",jul./21,
206,0343760-80.2019.4.05.0000,1/7/2019,Comum,2020,TRF5,"407.796,70",1/7/2020,
363,0500333-83.2021.8.02.9003,22/3/2021,Alimentar,2022,TJAL,"386.976,89",jul./21,
11,0500524-84.2015.8.02.0000,5/11/2015,Comum,2017,TJAL,"364.223,32",31/3/2021,PAGO
491,0500660-28.2021.8.02.9003,16/6/2021,Comum,2022,TJAL,"346.007,31",jul./21,
492,0500659-43.2021.8.02.9003,17/6/2021,Comum,2022,TJAL,"340.784,26",jul./21,
309,0500485-68.2020.8.02.9003,22/6/2020,Alimentar,2021,TJAL,"334.505,53",30/6/2020,
179,0500186-28.2019.8.02.9003,18/3/2019,Alimentar,2020,TJAL,"318.390,79",30/6/2020,
201,0500251-23.2019.8.02.9003,20/5/2019,Comum,2020,TJAL,"315.942,83",30/6/2020,
28,0500332-20.2016.8.02.0000,5/7/2016,Alimentar,2018,TJAL,"302.452,54",31/3/2021,PAGO
240,0500081-17.2020.8.02.9003,23/3/2020,Alimentar,2021,TJAL,"293.299,92",30/6/2020,
176,0500128-25.2019.8.02.9003,18/12/2018,Alimentar,2020,TJAL,"273.159,79",30/6/2020,
329,0500603-44.2020.8.02.9003,5/10/2020,Alimentar,2022,TJAL,"245.591,29",jul./21,
140,0500177-03.2018.8.02.9003,6/6/2018,Comum,2019,TJAL,"231.860,30",30/6/2020,Em via de Caucionamento de valor p Pgt.
161,0500094-50.2019.8.02.9003,19/11/2018,Alimentar,2020,TJAL,"228.420,08",30/6/2020,
182,0500209-71.2019.8.02.9003,15/4/2019,Alimentar,2020,TJAL,"223.934,85",30/6/2020,
198,0500126-55.2019.8.02.9003,18/12/2018,Comum,2020,TJAL,"223.506,66",30/6/2020,
194,0500250-38.2019.8.02.9003,20/5/2019,Alimentar,2020,TJAL,"209.149,27",30/6/2020,
24,0500296-75.2016.8.02.0000,21/6/2016,Comum,2017,TJAL,"197.422,69",31/3/2021,PAGO
139,0500130-29.2018.8.02.9003,16/4/2018,Comum,2019,TJAL,"194.480,99",30/6/2020,Em via de Caucionamento de valor p Pgt.
19,0500095-83.2016.8.02.0000,24/2/2016,Comum,2017,TJAL,"191.793,05",31/3/2021,PAGO
298,10845/2020,18/6/2020,Alimentar,2021,TRT19,"188.534,59",,
29,0500351-26.2016.8.02.0000,2/8/2016,Alimentar,2018,TJAL,"171.136,71",31/3/2021,PAGO
15,0500057-71.2016.8.02.0000,20/1/2016,Comum,2017,TJAL,"169.051,11",31/3/2021,PAGO
47,0500406-74.2016.8.02.0000,5/10/2016,Alimentar,2018,TJAL,"164.229,86",30/6/2020,Em via de Caucionamento de valor p Pgt.
26,0500298-45.2016.8.02.0000,21/6/2016,Comum,2017,TJAL,"163.427,68",31/3/2021,PAGO
160,0500093-65.2019.8.02.9003,19/11/2018,Alimentar,2020,TJAL,"162.418,16",30/6/2020,
229,0500526-69.2019.8.02.9003,26/11/2019,Alimentar,2021,TJAL,"152.609,27",30/6/2020,
55,0500453-48.2016.8.02.0000,10/11/2016,Alimentar,2018,TJAL,"146.105,63",30/6/2020,Em via de Caucionamento de valor p Pgt.
350,0500244-60.2021.8.02.9003,26/11/2020,Alimentar,2022,TJAL,"143.843,86",jul./21,
231,0500531-91.2019.8.02.9003,28/11/2019,Alimentar,2021,TJAL,"142.481,19",30/6/2020,
85,0010176-92.2017.5.19.0000 (82),22/3/2017,Alimentar,2018,TRT19,"141.849,00",24/4/2022,Recurso repassado ao TRT-19 PAGO
209,0500458-22.2019.8.02.9003,30/7/2019,Alimentar,2021,TJAL,"141.160,72",30/6/2020,
9,0500091-95.2019.8.02.9003,19/11/2018,Alimentar,2020,TJAL,"135.850,00",30/6/2020,PAGO
271,0500220-66.2020.8.02.9003,1/6/2020,Alimentar,2021,TJAL,"134.944,36",30/6/2020,
99,0500231-46.2017.8.02.0000,8/6/2017,Comum,2018,TJAL,"134.073,36",30/6/2020,Em via de Caucionamento de valor p Pgt.
38,0070046-86.1985.5.19.0000 (82),00/00/00,Alimentar,2018,TRT19,"125.938,23",24/4/2022,Recurso repassado ao TRT-19 PAGO
34,0500356-48.2016.8.02.0000,2/8/2016,Alimentar,2018,TJAL,"124.115,45",31/3/2021,PAGO
163,0500102-27.2019.8.02.9003,27/11/2018,Alimentar,2020,TJAL,"123.081,32",30/6/2020,
133,0500180-55.2018.8.02.9003,6/6/2018,Alimentar,2019,TJAL,"117.705,57",30/6/2020,Em via de Caucionamento de valor p Pgt.
292,0500335-87.2020.8.02.9003,16/6/2020,Alimentar,2021,TJAL,"116.926,35",30/6/2020,
98,0500125-84.2017.8.02.0000,10/5/2017,Comum,2018,TJAL,"113.216,83",30/6/2020,Em via de Caucionamento de valor p Pgt.
152,0011033-07.2018.5.19.0000 (82),8/8/2018,Alimentar,2020,TRT19,"111.099,77",jul./20,
174,0010127-80.2019.5.19.0000 (82),17/12/2018,Alimentar,2020,TRT19,"107.224,46",jul./20,
488,0500656-88.2021.8.02.9003,16/6/2021,Comum,2022,TJAL,"100.653,52",jul./21,
35,0500358-18.2016.8.02.0000,2/8/2016,Alimentar,2018,TJAL,"100.466,31",31/3/2021,PAGO
293,0500336-72.2020.8.02.9003,16/6/2020,Alimentar,2021,TJAL,"99.102,76",30/6/2020,
129,0010440-75.2018.5.19.0000 (82),4/5/2018,Alimentar,2019,TRT19,"96.023,47",24/4/2022,Recurso repassado ao TRT-19 PAGO
320,11754/2020/RP,16/7/2020,Alimentar,2022,TRT-19,"95.769,07",jul./21,
372,00495/2021/RP,3/5/2021,Alimentar,2022,TRT-19,"93.643,55",jul./21,
50,0500410-14.2016.8.02.0000,5/10/2016,Alimentar,2018,TJAL,"91.388,20",30/6/2020,Em via de Caucionamento de valor p Pgt.
162,0500095-35.2019.8.02.9003,19/11/2018,Alimentar,2020,TJAL,"91.368,04",30/6/2020,
89,0010228-88.2017.5.19.0000 (82),4/5/2017,Alimentar,2018,TRT19,"87.742,96",24/4/2022,Recurso repassado ao TRT-19 PAGO
44,0500399-82.2016.8.02.0000,5/10/2016,Alimentar,2018,TJAL,"85.784,43",30/6/2020,Em via de Caucionamento de valor p Pgt.
318,0500457-37.2019.8.02.9003,24/7/2019,Comum,2021,TJAL,"84.641,38",30/6/2020,
150,0010947-36.2018.5.19.0000 (82),3/8/2018,Alimentar,2020,TRT19,"84.614,63",jul./20,
96,0500077-28.2017.8.02.0000,17/3/2017,Comum,2018,TJAL,"81.085,26",30/6/2020,Em via de Caucionamento de valor p Pgt.
484,0500143-23.2021.8.02.9003,20/1/2021,Comum,2022,TJAL,"81.014,75",jul./21,
191,0010485-45.2019.5.19.0000 (82),17/5/2019,Alimentar,2020,TRT19,"78.844,08",jul./20,
315,0500523-80.2020.8.02.9003,29/6/2020,Alimentar,2021,TJAL,"77.377,22",30/6/2020,
371,0500430-83.2021.8.02.9003,3/5/2021,Alimentar,2022,TJAL,"77.009,76",jul./21,
49,0500409-29.2016.8.02.0000,5/10/2016,Alimentar,2018,TJAL,"76.879,71",30/6/2020,Em via de Caucionamento de valor p Pgt.
212,0500467-81.2019.8.02.9003,2/9/2019,Alimentar,2021,TJAL,"76.590,62",30/6/2020,
97,0500102-41.2017.8.02.0000,27/3/2017,Comum,2018,TJAL,"76.533,81",30/6/2020,Em via de Caucionamento de valor p Pgt.
141,0500181-40.2018.8.02.9003,11/6/2018,Comum,2019,TJAL,"76.465,67",30/6/2020,Em via de Caucionamento de valor p Pgt.
21,0500212-74.2016.8.02.0000,18/4/2016,Comum,2017,TJAL,"75.480,32",31/3/2021,CAUCIONADO
164,0500103-12.2019.8.02.9003,29/11/2018,Alimentar,2020,TJAL,"75.310,20",30/6/2020,
448,0500699-25.2021.8.02.9003,18/6/2021,Alimentar,2022,TJAL,"74.839,64",jul./21,
316,0500524-65.2020.8.02.9003,29/6/2020,Alimentar,2021,TJAL,"72.883,43",30/6/2020,
432,0500540-82.2021.8.02.9003,01/062021,Alimentar,2022,TJAL,"72.157,24",jul./21,
71,0500020-10.2017.8.02.0000,4/1/2017,Alimentar,2018,TJAL,"71.833,82",30/6/2020,Em via de Caucionamento de valor p Pgt.
37,0500092-80.2019.8.02.9003,19/11/2018,Alimentar,2020,TJAL,"71.500,00",31/3/2021,PAGO
478,0500848-21.2021.8.02.9003,23/6/2021,Alimentar,2022,TJAL,"71.470,66",jul./21,
436,0500617-91.2021.8.02.9003,14/6/2021,Alimentar,2022,TJAL,"70.973,73",jul./21,
462,0500829-15.2021.8.02.9003,23/6/2021,Alimentar,2022,TJAL,"70.936,04",jul./21,
330,0500604-29.2020.8.02.9003,5/10/2020,Alimentar,2022,TJAL,"69.774,96",jul./21,
6,0010124-28.2019.5.19.0000 (82),6/12/2018,Alimentar,2020,TRT19,"67.925,00",set./20,PAGO
291,0500330-65.2020.8.02.9003,13/6/2020,Alimentar,2021,TJAL,"66.454,23",30/6/2020,
199,0500240-91.2019.8.02.9003,9/5/2019,Comum,2020,TJAL,"65.800,91",30/6/2020,
195,0010602-36.2019.5.19.0000 (82),13/6/2019,Alimentar,2020,TRT19,"65.321,31",jul./20,
295,10835/2020,18/6/2020,Alimentar,2021,TRT19,"65.145,27",,
187,0010498-44.2019.5.19.0000 (82),9/5/2019,Alimentar,2020,TRT19,"65.038,64",jul./20,
13,0202435-25.2016.4.05.0000,11/1/2016,Comum,2017,TRF5,"64.474,36",30/4/2021,PAGO
118,0010440-12.2017.5.19.0000 (82),17/8/2017,Alimentar,2019,TRT19,"64.398,88",24/4/2022,Recurso repassado ao TRT-19 PAGO
437,0500618-76.2021.8.02.9003,14/6/2021,Alimentar,2022,TJAL,"63.387,43",jul./21,
27,0500310-59.2016.8.02.0000,21/6/2016,Comum,2017,TJAL,"62.117,63",31/3/2021,PAGO
279,0500244-94.2020.8.02.9003,3/6/2020,Alimentar,2021,TJAL,"61.503,25",30/6/2020,
64,0500464-77.2016.8.02.0000,6/12/2016,Alimentar,2018,TJAL,"60.531,29",30/6/2020,Em via de Caucionamento de valor p Pgt.
352,00039/2021/RP,15/12/2020,Alimentar,2022,TRT-19,"60.319,14",jul./21,
193,0500249-53.2019.8.02.9003,20/5/2019,Alimentar,2020,TJAL,"60.100,93",30/6/2020,
75,0500037-46.2017.8.02.0000,24/1/2017,Alimentar,2018,TJAL,"60.026,75",30/6/2020,Em via de Caucionamento de valor p Pgt.
362,00187/2021/RP,5/3/2021,Alimentar,2022,TRT-19,"59.722,42",jul./21,
299,0500429-35.2020.8.02.9003,19/6/2020,Alimentar,2021,TJAL,"58.796,34",30/6/2020,
274,0500237-05.2020.8.02.9003,3/6/2020,Alimentar,2021,TJAL,"58.790,56",30/6/2020,
480,0500850-88.2021.8.02.9003,23/6/2021,Alimentar,2022,TJAL,"58.767,97",jul./21,
333,0500611-21.2020.8.02.9003,27/10/2020,Alimentar,2022,TJAL,"57.924,43",jul./21,
121,0010022-40.2018.5.19.0000 (82),26/9/2017,Alimentar,2019,TRT19,"57.367,93",24/4/2022,Recurso repassado ao TRT-19 PAGO
257,0500138-35.2020.8.02.9003,22/4/2020,Alimentar,2021,TJAL,"55.573,12",30/6/2020,
190,0010489-82.2019.5.19.0000 (82),16/5/2019,Alimentar,2020,TRT19,"54.589,36",jul./20,
290,10761/2020,12/6/2020,Alimentar,2021,TRT19,"54.167,91",,
455,0500824-90.2021.8.02.9003,18/6/2021,Alimentar,2022,TJAL,"54.164,02",jul./21,
310,0500486-53.2020.8.02.9003,22/6/2020,Alimentar,2021,TJAL,"53.520,87",30/6/2020,
223,0500509-33.2019.8.02.9003,6/11/2019,Alimentar,2021,TJAL,"53.511,32",30/6/2020,
367,00386/2021/RP,16/4/2021,Alimentar,2022,TRT-19,"52.002,56",jul./21,
149,0500028-70.2019.8.02.9003,31/7/2018,Alimentar,2020,TJAL,"51.461,51",30/6/2020,
438,00980/2021/RP,15/6/2021,Alimentar,2022,TRT-19,"51.241,57",jul./21,
177,0010232-57.2019.5.19.0000 (82),14/2/2019,Alimentar,2020,TRT19,"50.998,57",jul./20,
132,0500178-85.2018.8.02.9003,6/6/2018,Alimentar,2019,TJAL,"50.985,54",30/6/2020,Em via de Caucionamento de valor p Pgt.
322,11950/2020/RP,16/7/2020,Alimentar,2022,TRT-19,"50.532,12",jul./21,
349,0500028-02.2021.8.02.9003,26/11/2020,Alimentar,2022,TJAL,"48.791,36",jul./21,
94,0500361-70.2016.8.02.0000,2/8/2016,Comum,2018,TJAL,"48.644,39",30/6/2020,Em via de Caucionamento de valor p Pgt.
451,0500703-62.2021.8.02.9003,18/6/2021,Alimentar,2022,TJAL,"48.465,47",jul./21,
296,10836/2020,18/6/2020,Alimentar,2021,TRT19,"48.088,46",,
264,0500146-12.2020.8.02.9003,22/4/2020,Alimentar,2021,TJAL,"47.834,79",30/6/2020,
57,0500456-03.2016.8.02.0000,10/11/2016,Alimentar,2018,TJAL,"47.805,91",30/6/2020,Em via de Caucionamento de valor p Pgt.
228,0500505-93.2019.8.02.9003,15/11/2019,Alimentar,2021,TJAL,"47.790,53",30/6/2020,
72,0500033-09.2017.8.02.0000,24/1/2017,Alimentar,2018,TJAL,"47.625,31",30/6/2020,Em via de Caucionamento de valor p Pgt.
439,0500636-97.2021.8.02.9003,16/6/2021,Alimentar,2022,TJAL,"47.150,96",jul./21,
180,0500187-13.2019.8.02.9003,18/3/2019,Alimentar,2020,TJAL,"47.016,97",30/6/2020,
365,0500414-32.2021.8.02.9003,7/4/2021,Alimentar,2022,TJAL,"46.874,25",jul./21,
238,0500042-20.2020.8.02.9003,20/2/2020,Alimentar,2021,TJAL,"46.431,02",30/6/2020,
487,0500651-66.2021.8.02.9003,16/6/2021,Comum,2022,TJAL,"45.484,95",jul./21,
18,0500090-61.2016.8.02.0000,17/2/2016,Comum,2017,TJAL,"43.927,33",31/3/2021,PAGO
272,0500221-51.2020.8.02.9003,1/6/2020,Alimentar,2021,TJAL,"43.808,50",30/6/2020,
166,0010250-78.2019.5.19.0000 (82),4/12/2018,Alimentar,2020,TRT19,"43.697,25",jul./20,
431,0500538-15.2021.8.02.9003,01/062021,Alimentar,2022,TJAL,"43.596,73",jul./21,
321,11929/2020/RP,16/7/2020,Alimentar,2022,TRT-19,"43.276,75",jul./21,
143,0500008-79.2019.8.02.9003,17/7/2018,Alimentar,2020,TJAL,"42.261,48",30/6/2020,
289,10674/2020,4/6/2020,Alimentar,2021,TRT19,"41.877,03",,
56,0500455-18.2016.8.02.0000,10/11/2016,Alimentar,2018,TJAL,"41.814,00",30/6/2020,Em via de Caucionamento de valor p Pgt.
90,0500235-83.2017.8.02.0000,21/6/2017,Alimentar,2018,TJAL,"41.401,73",30/6/2020,Em via de Caucionamento de valor p Pgt.
91,0500236-68.2017.8.02.0000,21/6/2017,Alimentar,2018,TJAL,"41.401,73",30/6/2020,Em via de Caucionamento de valor p Pgt.
114,0010427-13.2017.5.19.0000 (82),3/8/2017,Alimentar,2019,TRT19,"41.241,15",24/4/2022,Recurso repassado ao TRT-19 PAGO
63,0500463-92.2016.8.02.0000,6/12/2016,Alimentar,2018,TJAL,"41.119,10",30/6/2020,Em via de Caucionamento de valor p Pgt.
239,0500055-19.2020.8.02.9003,5/3/2020,Alimentar,2021,TJAL,"40.766,29",30/6/2020,
219,0500478-13.2019.8.02.9003,30/9/2019,Alimentar,2021,TJAL,"40.766,28",30/6/2020,
192,0500248-68.2019.8.02.9003,20/5/2019,Alimentar,2020,TJAL,"40.726,11",30/6/2020,
427,0500531-23.2021.8.02.9003,01/062021,Alimentar,2022,TJAL,"40.395,47",jul./21,
323,11807/2020/RP,21/8/2020,Alimentar,2022,TRT-19,"39.967,93",jul./21,
385,0500482-79.2021.8.02.9003,25/5/2021,Alimentar,2022,TJAL,"39.884,42",jul./21,
217,0500475-58.2019.8.02.9003,23/9/2019,Alimentar,2021,TJAL,"39.779,36",30/6/2020,
430,0500537-30.2021.8.02.9003,01/062021,Alimentar,2022,TJAL,"39.688,71",jul./21,
178,0010303-59.2019.5.19.0000 (82),1/3/2019,Alimentar,2020,TRT19,"39.170,47",jul./20,
30,0500352-11.2016.8.02.0000,2/8/2016,Alimentar,2018,TJAL,"38.206,07",31/3/2021,PAGO
81,0500049-60.2017.8.02.0000,24/1/2017,Alimentar,2018,TJAL,"38.137,99",30/6/2020,Em via de Caucionamento de valor p Pgt.
258,0500140-05.2020.8.02.9003,22/4/2020,Alimentar,2021,TJAL,"38.029,66",30/6/2020,
263,0500145-27.2020.8.02.9003,22/4/2020,Alimentar,2021,TJAL,"37.992,16",30/6/2020,
445,0500645-59.2021.8.02.9003,16/6/2021,Alimentar,2022,TJAL,"37.826,19",jul./21,
339,0500018-55.2021.8.02.9003,26/11/2020,Alimentar,2022,TJAL,"37.589,87",jul./21,
324,11907/2020/RP,2/9/2020,Alimentar,2022,TRT-19,"37.333,91",jul./21,
108,0010416-81.2017.5.19.0000 (82),3/8/2017,Alimentar,2019,TRT19,"36.852,88",24/4/2022,Recurso repassado ao TRT-19 PAGO
106,0010414-14.2017.5.19.0000 (82),3/8/2017,Alimentar,2019,TRT19,"36.707,29",24/4/2022,Recurso repassado ao TRT-19 PAGO
117,0010419-36.2017.5.19.0000 (82),3/8/2017,Alimentar,2019,TRT19,"36.648,94",24/4/2022,Recurso repassado ao TRT-19 PAGO
86,0500103-26.2017.8.02.0000,27/3/2017,Alimentar,2018,TJAL,"36.627,21",30/6/2020,Em via de Caucionamento de valor p Pgt.
443,0500641-22.2021.8.02.9003,16/6/2021,Alimentar,2022,TJAL,"36.570,27",jul./21,
70,0500019-25.2017.8.02.0000,4/1/2017,Alimentar,2018,TJAL,"35.889,45",30/6/2020,Em via de Caucionamento de valor p Pgt.
345,0500024-62.2021.8.02.9003,26/11/2020,Alimentar,2022,TJAL,"35.781,71",jul./21,
305,0500452-78.2020.8.02.9003,19/6/2020,Alimentar,2021,TJAL,"35.661,10",30/6/2020,
327,0500580-98.2020.8.02.9003,8/9/2020,Alimentar,2022,TJAL,"35.484,94",jul./21,
137,0320907-14.2018.4.05.0000,28/6/2018,Alimentar,2019,TRF5,"35.339,01",1/7/2020,Recurso repassado ao TRF-5Âª PAGO
343,0500022-92.2021.8.02.9003,26/11/2020,Alimentar,2022,TJAL,"35.329,60",jul./21,
351,00042/2021/RP,11/12/2020,Alimentar,2022,TRT-19,"35.308,10",jul./21,
2,0010411-59.2017.5.19.0000 (82),3/8/2017,Alimentar,2019,TRT19,"35.279,45",set./20,PAGO
103,0010399-45.2017.5.19.0000 (82),13/7/2017,Alimentar,2019,TRT19,"35.170,97",24/4/2022,Recurso repassado ao TRT-19 PAGO
429,0500535-60.2021.8.02.9003,01/062021,Alimentar,2022,TJAL,"34.897,46",jul./21,
304,0500435-42.2020.8.02.9003,19/6/2020,Alimentar,2021,TJAL,"34.536,75",30/6/2020,
157,0010045-49.2019.5.19.0000 (82),30/10/2018,Alimentar,2020,TRT19,"34.455,66",1/7/2020,
222,0500483-35.2019.8.02.9003,3/10/2019,Alimentar,2021,TJAL,"34.280,67",30/6/2020,
486,0500611-84.2021.8.02.9003,14/6/2021,Comum,2022,TJAL,"34.006,65",jul./21,
313,10877/2020,22/6/2020,Alimentar,2021,TRT19,"33.650,84",,
88,0010225-36.2017.5.19.0000 (82),3/5/2017,Alimentar,2018,TRT19,"33.538,30",24/4/2022,Recurso repassado ao TRT-19 PAGO
148,0010950-88.2018.5.19.0000 (82),30/7/2018,Alimentar,2020,TRT19,"33.500,82",jul./20,
288,0500276-02.2020.8.02.9003,4/6/2020,Alimentar,2021,TJAL,"33.492,58",30/6/2020,
244,0500126-21.2020.8.02.9003,22/4/2020,Alimentar,2021,TJAL,"33.367,41",30/6/2020,
338,12051/2020/RP,26/11/2020,Alimentar,2022,TRT-19,"33.162,26",jul./21,
387,0500485-34.2021.8.02.9003,25/5/2021,Alimentar,2022,TJAL,"32.952,35",jul./21,
51,0500449-11.2016.8.02.0000,10/11/2016,Alimentar,2018,TJAL,"32.705,51",30/6/2020,Em via de Caucionamento de valor p Pgt.
475,0500844-81.2021.8.02.9003,23/6/2021,Alimentar,2022,TJAL,"32.553,90",jul./21,
342,0500021-10.2021.8.02.9003,26/11/2020,Alimentar,2022,TJAL,"32.546,53",jul./21,
104,0010412-44.2017.5.19.0000 (82),3/8/2017,Alimentar,2019,TRT19,"32.401,32",24/4/2022,Recurso repassado ao TRT-19 PAGO
82,0010114-52.2017.5.19.0000 (82),3/2/2017,Alimentar,2018,TRT19,"32.329,09",24/4/2022,Recurso repassado ao TRT-19 PAGO
109,0010421-06.2017.5.19.0000 (82),3/8/2017,Alimentar,2019,TRT19,"32.303,09",24/4/2022,Recurso repassado ao TRT-19 PAGO
224,0500510-18.2019.8.02.9003,6/11/2019,Alimentar,2021,TJAL,"32.289,70",30/6/2020,
255,0500136-65.2020.8.02.9003,22/4/2020,Alimentar,2021,TJAL,"32.091,50",30/6/2020,
208,0500448-75.2019.8.02.9003,2/7/2019,Alimentar,2021,TJAL,"32.045,21",30/6/2020,
344,0500023-77.2021.8.02.9003,26/11/2020,Alimentar,2022,TJAL,"31.938,60",jul./21,
314,10942/2020,25/6/2020,Alimentar,2021,TRT19,"31.868,31",,
120,0010401-15.2017.5.19.0000 (82),14/9/2017,Alimentar,2019,TRT19,"31.499,82",24/4/2022,Recurso repassado ao TRT-19 PAGO
232,0500001-53.2020.8.02.9003,6/1/2020,Alimentar,2021,TJAL,"31.317,71",30/6/2020,
442,0500640-37.2021.8.02.9003,16/6/2021,Alimentar,2022,TJAL,"31.210,16",jul./21,
5,0010430-65.2017.5.19.0000 (82),3/8/2017,Alimentar,2019,TRT19,"30.924,05",set./20,PAGO
247,0500129-73.2020.8.02.9003,22/4/2020,Alimentar,2021,TJAL,"30.868,14",30/6/2020,
153,0010005-67.2019.5.19.0000 (82),14/9/2018,Alimentar,2020,TRT19,"30.852,29",jul./20,
83,0010119-74.2017.5.19.0000 (82),9/2/2017,Alimentar,2018,TRT19,"30.777,65",24/4/2022,Recurso repassado ao TRT-19 PAGO
225,0500503-26.2019.8.02.9003,15/11/2019,Alimentar,2021,TJAL,"30.745,71",30/6/2020,
434,00808/2021/RP,14/6/2021,Alimentar,2022,TRT-19,"30.337,64",jul./21,
312,10878/2020,22/6/2020,Alimentar,2021,TRT19,"30.186,82",,
368,00443/2021/RP,22/4/2021,Alimentar,2022,TRT-19,"30.143,47",jul./21,
307,10885/2020,21/6/2020,Alimentar,2021,TRT19,"30.117,13",,
10,0010248-11.2019.5.19.0000 (82),17/12/2018,Alimentar,2020,TRT19,"29.953,51",12/3/2021,PAGO
227,0500515-40.2019.8.02.9003,15/11/2019,Alimentar,2021,TJAL,"29.889,48",30/6/2020,
43,0010456-97.2016.5.19.0000 (82),4/10/2016,Alimentar,2018,TRT19,"29.519,60",24/4/2022,Recurso repassado ao TRT-19 PAGO
4,0010420-21.2017.5.19.0000 (82),3/8/2017,Alimentar,2019,TRT19,"29.441,70",set./20,PAGO
332,11954/2020/RP,9/10/2020,Alimentar,2022,TRT-19,"29.358,53",jul./21,
306,10857/2020,19/6/2020,Alimentar,2021,TRT19,"29.076,45",,
267,10015/2020,27/4/2020,Alimentar,2021,TRT19,"28.996,62",,
213,0010813-72.2019.5.19.0000 (82),5/9/2019,Alimentar,2021,TRT19,"28.966,74",jul./20,
300,0500430-20.2020.8.02.9003,19/6/2020,Alimentar,2021,TJAL,"28.935,36",30/6/2020,
285,0500251-86.2020.8.02.9003,3/6/2020,Alimentar,2021,TJAL,"28.844,82",30/6/2020,
7,0500089-28.2019.8.02.9003,12/11/2018,Alimentar,2020,TJAL,"28.713,22",31/8/2020,PAGO
102,0010400-30.2017.5.19.0000 (82),13/7/2017,Alimentar,2019,TRT19,"28.231,89",24/4/2022,Recurso repassado ao TRT-19 PAGO
41,0010386-80.2016.5.19.0000 (82),1/9/2016,Alimentar,2018,TRT19,"28.194,81",24/4/2022,Recurso repassado ao TRT-19 PAGO
268,10046/2020,29/4/2020,Alimentar,2021,TRT19,"28.180,58",,
216,0500474-73.2019.8.02.9003,23/9/2019,Alimentar,2021,TJAL,"27.926,31",30/6/2020,
383,0500480-12.2021.8.02.9003,25/5/2021,Alimentar,2022,TJAL,"27.880,33",jul./21,
23,0500219-66.2016.8.02.0000,18/4/2016,Comum,2017,TJAL,"27.849,72",31/3/2021,PAGO
473,0500840-44.2021.8.02.9003,23/6/2021,Alimentar,2022,TJAL,"27.693,36",jul./21,
390,00729/2021/RP,27/5/2021,Alimentar,2022,TRT-19,"27.572,07",jul./21,
391,00724/2021/RP,27/5/2021,Alimentar,2022,TRT-19,"27.572,07",jul./21,
392,00731/2021/RP,27/5/2021,Alimentar,2022,TRT-19,"27.572,07",jul./21,
393,00730/2021/RP,27/5/2021,Alimentar,2022,TRT-19,"27.572,07",jul./21,
394,00732/2021/RP,27/5/2021,Alimentar,2022,TRT-19,"27.572,07",jul./21,
395,00728/2021/RP,27/5/2021,Alimentar,2022,TRT-19,"27.572,07",jul./21,
396,00725/2021/RP,27/5/2021,Alimentar,2022,TRT-19,"27.572,07",jul./21,
397,00726/2021/RP,27/5/2021,Alimentar,2022,TRT-19,"27.572,07",jul./21,
398,00723/2021/RP,27/5/2021,Alimentar,2022,TRT-19,"27.572,07",jul./21,
399,00722/2021/RP,27/5/2021,Alimentar,2022,TRT-19,"27.572,07",jul./21,
400,00721/2021/RP,27/5/2021,Alimentar,2022,TRT-19,"27.572,07",jul./21,
401,00718/2021/RP,27/5/2021,Alimentar,2022,TRT-19,"27.572,07",jul./21,
402,00720/2021/RP,27/5/2021,Alimentar,2022,TRT-19,"27.572,07",jul./21,
403,00719/2021/RP,27/5/2021,Alimentar,2022,TRT-19,"27.572,07",jul./21,
404,00716/2021/RP,27/5/2021,Alimentar,2022,TRT-19,"27.572,07",jul./21,
405,00715/2021/RP,27/5/2021,Alimentar,2022,TRT-19,"27.572,07",jul./21,
406,00714/2021/RP,27/5/2021,Alimentar,2022,TRT-19,"27.572,07",jul./21,
407,00713/2021/RP,27/5/2021,Alimentar,2022,TRT-19,"27.572,07",jul./21,
408,00712/2021/RP,27/5/2021,Alimentar,2022,TRT-19,"27.572,07",jul./21,
409,00710/2021/RP,27/5/2021,Alimentar,2022,TRT-19,"27.572,07",jul./21,
410,00717/2021/RP,27/5/2021,Alimentar,2022,TRT-19,"27.572,07",jul./21,
411,00711/2021/RP,27/5/2021,Alimentar,2022,TRT-19,"27.572,07",jul./21,
412,00709/2021/RP,27/5/2021,Alimentar,2022,TRT-19,"27.572,07",jul./21,
413,00706/2021/RP,27/5/2021,Alimentar,2022,TRT-19,"27.572,07",jul./21,
414,00708/2021/RP,27/5/2021,Alimentar,2022,TRT-19,"27.572,07",jul./21,
415,00705/2021/RP,27/5/2021,Alimentar,2022,TRT-19,"27.572,07",jul./21,
416,00707/2021/RP,27/5/2021,Alimentar,2022,TRT-19,"27.572,07",jul./21,
417,00704/2021/RP,27/5/2021,Alimentar,2022,TRT-19,"27.572,07",jul./21,
418,00727/2021/RP,27/5/2021,Alimentar,2022,TRT-19,"27.572,07",jul./21,
373,0500438-60.2021.8.02.9003,10/5/2021,Alimentar,2022,TJAL,"27.538,33",jul./21,
218,0010824-04.2019.5.19.0000 (82),27/9/2019,Alimentar,2021,TRT19,"27.441,02",jul./20,
221,0500482-50.2019.8.02.9003,3/10/2019,Alimentar,2021,TJAL,"27.363,68",30/6/2020,
466,0500833-52.2021.8.02.9003,23/6/2021,Alimentar,2022,TJAL,"27.312,78",jul./21,
389,00746/2021/RP,26/5/2021,Alimentar,2022,TRT-19,"27.312,01",jul./21,
156,0010039-42.2019.5.19.0000 (82),25/10/2018,Alimentar,2020,TRT19,"27.130,58",jul./20,
230,0010968-75.2019.5.19.0000 (82),28/11/2019,Alimentar,2021,TRT19,"27.127,24",jul./20,
253,0500134-95.2020.8.02.9003,22/4/2020,Alimentar,2021,TJAL,"27.029,03",30/6/2020,
388,0500486-19.2021.8.02.9003,25/5/2021,Alimentar,2022,TJAL,"27.013,57",jul./21,
283,0500249-19.2020.8.02.9003,3/6/2020,Alimentar,2021,TJAL,"26.913,35",30/6/2020,
468,0500835-22.2021.8.02.9003,23/6/2021,Alimentar,2022,TJAL,"26.667,19",jul./21,
128,0010583-64.2018.5.19.0000 (82),19/4/2018,Alimentar,2019,TRT19,"26.649,04",24/4/2022,Recurso repassado ao TRT-19 PAGO
53,0500451-78.2016.8.02.0000,10/11/2016,Alimentar,2018,TJAL,"26.576,38",30/6/2020,Em via de Caucionamento de valor p Pgt.
226,0500504-11.2019.8.02.9003,15/11/2019,Alimentar,2021,TJAL,"26.451,71",30/6/2020,
481,01009/2021/RP,25/6/2021,Alimentar,2022,TRT-19,"26.405,53",jul./21,
465,0500832-67.2021.8.02.9003,23/6/2021,Alimentar,2022,TJAL,"26.187,00",jul./21,
136,0010422-54.2018.5.19.0000 (82),28/6/2018,Alimentar,2019,TRT19,"26.121,22",24/4/2022,Recurso repassado ao TRT-19 PAGO
39,0010360-82.2016.5.19.0000 (82),4/8/2016,Alimentar,2018,TRT19,"25.811,54",24/4/2022,Recurso repassado ao TRT-19 PAGO
84,0010116-22.2017.5.19.0000 (82),9/2/2017,Alimentar,2018,TRT19,"25.808,13",24/4/2022,Recurso repassado ao TRT-19 PAGO
151,0011030-52.2018.5.19.0000 (82),6/8/2018,Alimentar,2020,TRT19,"25.795,58",jul./20,
453,0500705-32.2021.8.02.9003,18/6/2021,Alimentar,2022,TJAL,"25.786,11",jul./21,
382,00743/2021/RP,25/5/2021,Alimentar,2022,TRT-19,"25.724,32",jul./21,
252,0500133-13.2020.8.02.9003,22/4/2020,Alimentar,2021,TJAL,"25.692,02",30/6/2020,
476,0500845-66.2021.8.02.9003,23/6/2021,Alimentar,2022,TJAL,"25.540,26",jul./21,
246,0500128-88.2020.8.02.9003,22/4/2020,Alimentar,2021,TJAL,"25.505,16",30/6/2020,
301,0500432-87.2020.8.02.9003,19/6/2020,Alimentar,2021,TJAL,"25.500,87",30/6/2020,
328,11840/2020/RP,10/9/2020,Alimentar,2022,TRT-19,"25.415,11",jul./21,
183,0010393-67.2019.5.19.0000 (82),26/4/2019,Alimentar,2020,TRT19,"25.388,96",jul./20,
277,0500240-57.2020.8.02.9003,3/6/2020,Alimentar,2021,TJAL,"25.371,12",30/6/2020,
454,0500707-02.2021.8.02.9003,18/6/2021,Alimentar,2022,TJAL,"25.364,63",jul./21,
278,0500242-27.2020.8.02.9003,3/6/2020,Alimentar,2021,TJAL,"25.348,15",30/6/2020,
297,10843/2020,18/6/2020,Alimentar,2021,TRT19,"25.254,12",,
317,11718/2020,1/7/2020,Alimentar,2021,TRT19,"25.239,81",,
337,12044/2020/RP,25/11/2020,Alimentar,2022,TRT-19,"25.231,09",jul./21,
326,11930/2020/RP,8/9/2020,Alimentar,2022,TRT-19,"24.953,12",jul./21,
282,0500248-34.2020.8.02.9003,3/6/2020,Alimentar,2021,TJAL,"24.803,36",30/6/2020,
3,0010417-66.2017.5.19.0000 (82),3/8/2017,Alimentar,2019,TRT19,"24.738,18",set./20,PAGO
186,0010395-37.2019.5.19.0000 (82),30/4/2019,Alimentar,2020,TRT19,"24.680,21",jul./20,
447,00979/2021/RP,16/6/2021,Alimentar,2022,TRT-19,"24.564,62",jul./21,
276,0500239-72.2020.8.02.9003,3/6/2020,Alimentar,2021,TJAL,"24.560,87",30/6/2020,
115,0010429-80.2017.5.19.0000 (82),3/8/2017,Alimentar,2019,TRT19,"24.560,72",24/4/2022,Recurso repassado ao TRT-19 PAGO
347,0500026-32.2021.8.02.9003,26/11/2020,Alimentar,2022,TJAL,"24.559,82",jul./21,
331,11953/2020/RP,7/10/2020,Alimentar,2022,TRT-19,"24.503,02",jul./21,
125,0500001-24.2018.8.02.0000,30/10/2017,Alimentar,2019,TJAL,"24.416,94",30/6/2020,Em via de Caucionamento de valor p Pgt.
243,0500125-36.2020.8.02.9003,22/4/2020,Alimentar,2021,TJAL,"24.405,61",30/6/2020,
142,0500254-41.2020.8.02.9003,3/6/2020,Alimentar,2021,TJAL,"24.400,54",30/4/2022,
127,0010582-79.2018.5.19.0000 (82),19/4/2018,Alimentar,2019,TRT19,"24.400,06",24/4/2022,Recurso repassado ao TRT-19 PAGO
364,00971/2021/RP,7/4/2021,Alimentar,2022,TRT-19,"24.385,96",jul./21,
265,0500148-79.2020.8.02.9003,22/4/2020,Alimentar,2021,TJAL,"24.374,43",30/6/2020,
469,0500836-07.2021.8.02.9003,23/6/2021,Alimentar,2022,TJAL,"24.272,47",jul./21,
95,0500076-43.2017.8.02.0000,17/3/2017,Comum,2018,TJAL,"24.261,83",30/6/2020,Em via de Caucionamento de valor p Pgt.
273,0500236-20.2020.8.02.9003,3/6/2020,Alimentar,2021,TJAL,"24.194,85",30/6/2020,
211,0010784-22.2019.5.19.0000 (82),21/8/2019,Alimentar,2021,TRT19,"24.154,58",jul./20,
241,0500123-66.2020.8.02.9003,22/4/2020,Alimentar,2021,TJAL,"24.125,78",30/6/2020,
270,10107/2020,18/5/2020,Alimentar,2021,TRT19,"24.105,80",,
446,0500654-21.2021.8.02.9003,16/6/2021,Alimentar,2022,TJAL,"23.991,79",jul./21,
419,00828/2021/RP,27/5/2021,Alimentar,2022,TRT-19,"23.986,81",jul./21,
146,0010954-28.2018.5.19.0000 (82),30/7/2018,Alimentar,2020,TRT19,"23.975,80",jul./20,
111,0010423-73.2017.5.19.0000 (82),3/8/2017,Alimentar,2019,TRT19,"23.908,71",24/4/2022,Recurso repassado ao TRT-19 PAGO
461,0500828-30.2021.8.02.9003,23/6/2021,Alimentar,2022,TJAL,"23.907,17",jul./21,
376,00583/2021/RP,17/5/2021,Alimentar,2022,TRT-19,"23.763,00",jul./21,
450,0500701-92.2021.8.02.9003,18/6/2021,Alimentar,2022,TJAL,"23.700,65",jul./21,
474,0500841-29.2021.8.02.9003,23/6/2021,Alimentar,2022,TJAL,"23.661,43",jul./21,
200,0290007-14.2019.4.05.0000,13/5/2019,Comum,2020,TRF5,"23.608,06",1/7/2020,
245,0500127-06.2020.8.02.9003,22/4/2020,Alimentar,2021,TJAL,"23.555,76",30/6/2020,
420,0500512-17.2021.8.02.9003,01/062021,Alimentar,2022,TJAL,"23.506,33",jul./21,
275,0500238-87.2020.8.02.9003,3/6/2020,Alimentar,2021,TJAL,"23.499,64",30/6/2020,
435,0500616-09.2021.8.02.9003,14/6/2021,Alimentar,2022,TJAL,"23.484,89",jul./21,
433,00807/2021/RP,14/6/2021,Alimentar,2022,TRT-19,"23.481,19",jul./21,
423,0500518-24.2021.8.02.9003,01/062021,Alimentar,2022,TJAL,"23.290,03",jul./21,
107,0010415-96.2017.5.19.0000 (82),3/8/2017,Alimentar,2019,TRT19,"23.258,21",24/4/2022,Recurso repassado ao TRT-19 PAGO
87,0500104-11.2017.8.02.0000,27/3/2017,Alimentar,2018,TJAL,"23.249,46",30/6/2020,Em via de Caucionamento de valor p Pgt.
348,0500027-17.2021.8.02.9003,26/11/2020,Alimentar,2022,TJAL,"23.223,17",jul./21,
428,0500533-90.2021.8.02.9003,01/062021,Alimentar,2022,TJAL,"23.149,08",jul./21,
467,0500834-37.2021.8.02.9003,23/6/2021,Alimentar,2022,TJAL,"23.142,94",jul./21,
472,0500839-59.2021.8.02.9003,23/6/2021,Alimentar,2022,TJAL,"23.082,08",jul./21,
256,0500137-50.2020.8.02.9003,22/4/2020,Alimentar,2021,TJAL,"23.044,51",30/6/2020,
248,0500116-74.2020.8.02.9003,22/4/2020,Alimentar,2021,TJAL,"23.002,89",30/6/2020,
444,0500642-07.2021.8.02.9003,16/6/2021,Alimentar,2022,TJAL,"22.910,18",jul./21,
154,0011049-58.2018.5.19.0000 (82),17/9/2018,Alimentar,2020,TRT19,"22.822,38",jul./20,
8,0500026-66.2020.8.02.9003,17/1/2020,Alimentar,2021,TJAL,"22.819,92",26/10/2020,PAGO
425,0500521-76.2021.8.02.9003,01/062021,Alimentar,2022,TJAL,"22.684,05",jul./21,
54,0500452-63.2016.8.02.0000,10/11/2016,Alimentar,2018,TJAL,"22.666,61",30/6/2020,Em via de Caucionamento de valor p Pgt.
167,0010124-28.2019.5.19.0000 (82),6/12/2018,Alimentar,2020,TRT19,"22.635,17",jul./20,
262,0500144-42.2020.8.02.9003,22/4/2020,Alimentar,2021,TJAL,"22.624,09",30/6/2020,
426,0500527-83.2021.8.02.9003,01/062021,Alimentar,2022,TJAL,"22.624,09",jul./21,
242,0500124-51.2020.8.02.9003,22/4/2020,Alimentar,2021,TJAL,"22.613,59",30/6/2020,
60,0010571-21.2016.5.19.0000 (82),28/11/2016,Alimentar,2018,TRT19,"22.470,67",24/4/2022,Recurso repassado ao TRT-19 PAGO
452,0500704-47.2021.8.02.9003,18/6/2021,Alimentar,2022,TJAL,"22.399,24",jul./21,
110,0010422-88.2017.5.19.0000 (82),3/8/2017,Alimentar,2019,TRT19,"22.379,15",24/4/2022,Recurso repassado ao TRT-19 PAGO
360,00355/2021/RP,5/3/2021,Alimentar,2022,TRT-19,"22.364,35",jul./21,
359,00356/2021/RP,5/3/2021,Alimentar,2022,TRT-19,"22.330,91",jul./21,
463,0500830-97.2021.8.02.9003,23/6/2021,Alimentar,2022,TJAL,"22.307,00",jul./21,
361,00354/2021/RP,5/3/2021,Alimentar,2022,TRT-19,"22.293,66",jul./21,
254,0500135-80.2020.8.02.9003,22/4/2020,Alimentar,2021,TJAL,"22.229,45",30/6/2020,
346,0500025-47.2021.8.02.9003,26/11/2020,Alimentar,2022,TJAL,"22.208,37",jul./21,
126,0010155-82.2018.5.19.0000 (82),22/1/2018,Alimentar,2019,TRT19,"22.114,81",24/4/2022,Recurso repassado ao TRT-19 PAGO
235,0500024-96.2020.8.02.9003,17/1/2020,Alimentar,2021,TJAL,"22.089,24",30/6/2020,
470,0500837-89.2021.8.02.9003,23/6/2021,Alimentar,2022,TJAL,"22.078,87",jul./21,
33,0500355-63.2016.8.02.0000,2/8/2016,Alimentar,2018,TJAL,"22.031,22",31/3/2021,PAGO
421,0500513-02.2021.8.02.9003,01/062021,Alimentar,2022,TJAL,"22.023,34",jul./21,
340,0500019-40.2021.8.02.9003,26/11/2020,Alimentar,2022,TJAL,"21.994,07",jul./21,
281,0500247-49.2020.8.02.9003,3/6/2020,Alimentar,2021,TJAL,"21.952,56",30/6/2020,
286,0500252-71.2020.8.02.9003,3/6/2020,Alimentar,2021,TJAL,"21.842,91",30/6/2020,
147,0010950-88.2018.5.19.0000 (82),30/7/2018,Alimentar,2020,TRT19,"21.829,37",jul./20,
144,0010945-66.2018.5.19.0000 (82),18/7/2018,Alimentar,2020,TRT19,"21.809,01",jul./20,
237,0500008-45.2020.8.02.9003,17/1/2020,Alimentar,2021,TJAL,"21.785,34",30/6/2020,
377,00582/2021/RP,17/5/2021,Alimentar,2022,TRT-19,"21.759,54",jul./21,
61,0010573-88.2016.5.19.0000 (82),28/11/2016,Alimentar,2018,TRT19,"21.751,63",24/4/2022,Recurso repassado ao TRT-19 PAGO
334,0500007-26.2021.8.02.9003,10/11/2020,Alimentar,2022,TJAL,"21.740,63",jul./21,
485,0500437-75.2021.8.02.9003,6/5/2021,Comum,2022,TJAL,"21.705,65",jul./21,
336,12040/2020/RP,25/11/2020,Alimentar,2022,TRT-19,"21.685,40",jul./21,
375,00601/2021/RP,17/5/2021,Alimentar,2022,TRT-19,"21.684,96",jul./21,
122,0010043-16.2018.5.19.0000 (82),9/10/2017,Alimentar,2019,TRT19,"21.682,35",24/4/2022,Recurso repassado ao TRT-19 PAGO
287,0500253-56.2020.8.02.9003,3/6/2020,Alimentar,2021,TJAL,"21.656,91",30/6/2020,
358,00357/2021/RP,5/3/2021,Alimentar,2022,TRT-19,"21.634,75",jul./21,
62,0010570-36.2016.5.19.0000 (82),28/11/2016,Alimentar,2018,TRT19,"21.619,10",24/4/2022,Recurso repassado ao TRT-19 PAGO
422,0500514-84.2021.8.02.9003,01/062021,Alimentar,2022,TJAL,"21.599,62",jul./21,
479,0500849-06.2021.8.02.9003,23/6/2021,Alimentar,2022,TJAL,"21.543,03",jul./21,
284,0500250-04.2020.8.02.9003,3/6/2020,Alimentar,2021,TJAL,"21.539,13",30/6/2020,
378,0500468-95.2021.8.02.9003,19/5/2021,Alimentar,2022,TJAL,"21.504,89",jul./21,
380,0500470-65.2021.8.02.9003,19/5/2021,Alimentar,2022,TJAL,"21.504,89",jul./21,
261,0500143-57.2020.8.02.9003,22/4/2020,Alimentar,2021,TJAL,"21.458,98",30/6/2020,
46,0500404-07.2016.8.02.0000,5/10/2016,Alimentar,2018,TJAL,"21.453,74",30/6/2020,Em via de Caucionamento de valor p Pgt.
266,0500149-64.2020.8.02.9003,22/4/2020,Alimentar,2021,TJAL,"21.291,12",30/6/2020,
357,00358/2021/RP,5/3/2021,Alimentar,2022,TRT-19,"21.268,38",jul./21,
341,0500020-25.2021.8.02.9003,26/11/2020,Alimentar,2022,TJAL,"21.130,50",jul./21,
369,00499/2021/RP,28/4/2021,Alimentar,2022,TRT-19,"21.079,33",jul./21,
42,0010093-76.2017.5.19.0000 (82),1/9/2016,Alimentar,2018,TRT19,"21.048,16",24/4/2022,Recurso repassado ao TRT-19 PAGO
384,0500481-94.2021.8.02.9003,25/5/2021,Alimentar,2022,TJAL,"21.035,23",jul./21,
215,0500473-88.2019.8.02.9003,23/9/2019,Alimentar,2021,TJAL,"20.963,32",30/6/2020,
464,0500831-82.2021.8.02.9003,23/6/2021,Alimentar,2022,TJAL,"20.901,88",jul./21,
196,0010603-21.2019.5.19.0000 (82),14/6/2019,Alimentar,2020,TRT19,"20.894,04",jul./20,
73,0500034-91.2017.8.02.0000,24/1/2017,Alimentar,2018,TJAL,"20.890,60",30/6/2020,Em via de Caucionamento de valor p Pgt.
59,0500459-55.2016.8.02.0000,10/11/2016,Alimentar,2018,TJAL,"20.721,86",30/6/2020,Em via de Caucionamento de valor p Pgt.
234,0500006-75.2020.8.02.9003,17/1/2020,Alimentar,2021,TJAL,"20.715,33",30/6/2020,
80,0500048-75.2017.8.02.0000,24/1/2017,Alimentar,2018,TJAL,"20.714,35",30/6/2020,Em via de Caucionamento de valor p Pgt.
260,0500142-72.2020.8.02.9003,22/4/2020,Alimentar,2021,TJAL,"20.700,85",30/6/2020,
181,0500205-34.2019.8.02.9003,12/4/2019,Alimentar,2020,TJAL,"20.644,38",30/6/2020,
303,0500434-57.2020.8.02.9003,19/6/2020,Alimentar,2021,TJAL,"20.581,01",30/6/2020,
477,0500847-36.2021.8.02.9003,23/6/2021,Alimentar,2022,TJAL,"20.576,72",jul./21,
130,0010481-42.2018.5.19.0000 (82),8/5/2018,Alimentar,2019,TRT19,"20.563,49",24/4/2022,Recurso repassado ao TRT-19 PAGO
236,0500025-81.2020.8.02.9003,17/1/2020,Alimentar,2021,TJAL,"20.450,21",30/6/2020,
249,0500130-58.2020.8.02.9003,22/4/2020,Alimentar,2021,TJAL,"20.331,11",30/6/2020,
233,0500023-14.2020.8.02.9003,17/1/2020,Alimentar,2021,TJAL,"20.160,37",30/6/2020,
220,0500481-65.2019.8.02.9003,3/10/2019,Alimentar,2021,TJAL,"20.144,85",30/6/2020,
269,10080/2020,13/5/2020,Alimentar,2021,TRT19,"20.114,04",,
355,00456/2021/RP,5/3/2021,Alimentar,2022,TRT-19,"20.039,37",jul./21,
379,0500469-80.2021.8.02.9003,19/5/2021,Alimentar,2022,TJAL,"19.899,28",jul./21,
381,0500471-50.2021.8.02.9003,19/5/2021,Alimentar,2022,TJAL,"19.899,28",jul./21,
58,0500458-70.2016.8.02.0000,10/11/2016,Alimentar,2018,TJAL,"19.843,72",30/6/2020,Em via de Caucionamento de valor p Pgt.
78,0500045-23.2017.8.02.0000,24/1/2017,Alimentar,2018,TJAL,"19.805,70",30/6/2020,Em via de Caucionamento de valor p Pgt.
308,10876/2020,21/6/2020,Alimentar,2021,TRT19,"19.728,22",,
131,0010517-84.2018.5.19.0000 (82),30/5/2018,Alimentar,2019,TRT19,"19.515,52",24/4/2022,Recurso repassado ao TRT-19 PAGO
145,0500023-48.2019.8.02.9003,24/7/2018,Alimentar,2020,TJAL,"19.398,89",30/6/2020,
251,0500132-28.2020.8.02.9003,22/4/2020,Alimentar,2021,TJAL,"19.343,31",30/6/2020,
165,0500104-94.2019.8.02.9003,29/11/2018,Alimentar,2020,TJAL,"19.310,05",30/6/2020,
250,0500131-43.2020.8.02.9003,22/4/2020,Alimentar,2021,TJAL,"19.272,70",30/6/2020,
214,0010879-52.2019.5.19.0000 (82),17/9/2019,Alimentar,2021,TRT19,"19.187,35",jul./20,
189,0010492-37.2019.5.19.0000 (82),15/5/2019,Alimentar,2020,TRT19,"19.178,96",jul./20,
259,0500141-87.2020.8.02.9003,22/4/2020,Alimentar,2021,TJAL,"19.101,14",30/6/2020,
366,00413/2021/RP,15/4/2021,Alimentar,2022,TRT-19,"19.019,50",jul./21,
135,0500201-31.2018.8.02.9003,19/6/2018,Alimentar,2019,TJAL,"18.892,02",30/6/2020,Em via de Caucionamento de valor p Pgt.
354,00457/2021/RP,5/3/2021,Alimentar,2022,TRT-19,"18.802,30",jul./21,
449,0500700-10.2021.8.02.9003,18/6/2021,Alimentar,2022,TJAL,"18.755,10",jul./21,
134,0500200-46.2018.8.02.9003,19/6/2018,Alimentar,2019,TJAL,"18.685,63",30/6/2020,Em via de Caucionamento de valor p Pgt.
112,0010424-58.2017.5.19.0000 (82),3/8/2017,Alimentar,2019,TRT19,"18.598,44",24/4/2022,Recurso repassado ao TRT-19 PAGO
302,0500433-72.2020.8.02.9003,19/6/2020,Alimentar,2021,TJAL,"18.250,75",30/6/2020,
155,0011079-93.2018.5.19.0000 (82),28/9/2018,Alimentar,2020,TRT19,"18.120,17",jul./20,
335,12041/2020/RP,25/11/2020,Alimentar,2022,TRT-19,"17.955,72",jul./21,
175,0500127-40.2019.8.02.9003,18/12/2018,Alimentar,2020,TJAL,"17.880,52",30/6/2020,
440,0500638-67.2021.8.02.9003,16/6/2021,Alimentar,2022,TJAL,"17.706,96",jul./21,
79,0500047-90.2017.8.02.0000,24/1/2017,Alimentar,2018,TJAL,"17.571,75",30/6/2020,Em via de Caucionamento de valor p Pgt.
280,0500245-79.2020.8.02.9003,3/6/2020,Alimentar,2021,TJAL,"17.412,40",30/6/2020,
356,00455/2021/RP,5/3/2021,Alimentar,2022,TRT-19,"17.400,15",jul./21,
386,0500483-64.2021.8.02.9003,25/5/2021,Alimentar,2022,TJAL,"17.316,82",jul./21,
374,00541/2021/RP,13/5/2021,Alimentar,2022,TRT-19,"17.302,50",jul./21,
77,0500044-38.2017.8.02.0000,24/1/2017,Alimentar,2018,TJAL,"17.297,90",30/6/2020,Em via de Caucionamento de valor p Pgt.
441,0500639-52.2021.8.02.9003,16/6/2021,Alimentar,2022,TJAL,"17.220,54",jul./21,
294,10832/2020,18/6/2020,Alimentar,2021,TRT19,"17.064,44",,
74,0500035-76.2017.8.02.0000,24/1/2017,Alimentar,2018,TJAL,"17.046,22",30/6/2020,Em via de Caucionamento de valor p Pgt.
210,0010771-23.2019.5.19.0000 (82),21/8/2019,Alimentar,2021,TRT19,"16.999,52",jul./20,
113,0010426-28.2017.5.19.0000 (82),3/8/2017,Alimentar,2019,TRT19,"16.962,46",24/4/2022,Recurso repassado ao TRT-19 PAGO
105,0010413-29.2017.5.19.0000 (82),3/8/2017,Alimentar,2019,TRT19,"16.273,75",24/4/2022,Recurso repassado ao TRT-19 PAGO
119,0010011-11.2018.5.19.0000 (82),1/9/2017,Alimentar,2019,TRT19,"15.992,31",24/4/2022,Recurso repassado ao TRT-19 PAGO
471,0500838-74.2021.8.02.9003,23/6/2021,Alimentar,2022,TJAL,"15.970,64",jul./21,
22,0500218-81.2016.8.02.0000,18/4/2016,Comum,2017,TJAL,"15.708,08",31/3/2021,CAUCIONADO
353,00184/2021/RP,4/3/2021,Alimentar,2022,TRT-19,"15.679,84",jul./21,
116,0010431-50.2017.5.19.0000 (82),3/8/2017,Alimentar,2019,TRT19,"14.721,25",24/4/2022,Recurso repassado ao TRT-19 PAGO
1,0500041-83.2017.8.02.0000,24/1/2017,Alimentar,2018,TJAL,"14.720,64",31/8/2020,PAGO
76,0500038-31.2017.8.02.0000,24/1/2017,Alimentar,2018,TJAL,"14.663,97",30/6/2020,Em via de Caucionamento de valor p Pgt.
311,10879/2020,22/6/2020,Alimentar,2021,TRT19,"14.530,74",,
52,0500450-93.2016.8.02.0000,10/11/2016,Alimentar,2018,TJAL,"14.124,99",30/6/2020,Em via de Caucionamento de valor p Pgt.
31,0500353-93.2016.8.02.0000,2/8/2016,Alimentar,2018,TJAL,"13.706,43",31/3/2021,PAGO
36,0500359-03.2016.8.02.0000,2/8/2016,Alimentar,2018,TJAL,"12.473,18",31/3/2021,PAGO
68,0500017-55.2017.8.02.0000,4/1/2017,Alimentar,2018,TJAL,"12.034,63",30/6/2020,Em via de Caucionamento de valor p Pgt.
48,0500407-59.2016.8.02.0000,5/10/2016,Alimentar,2018,TJAL,"11.882,47",30/6/2020,Em via de Caucionamento de valor p Pgt.
45,0500400-67.2016.8.02.0000,5/10/2016,Alimentar,2018,TJAL,"11.575,50",30/6/2020,Em via de Caucionamento de valor p Pgt.
69,0500018-40.2017.8.02.0000,4/1/2017,Alimentar,2018,TJAL,"11.437,83",30/6/2020,Em via de Caucionamento de valor p Pgt.
66,0500014-03.2017.8.02.0000,4/1/2017,Alimentar,2018,TJAL,"11.342,02",30/6/2020,Em via de Caucionamento de valor p Pgt.
67,0500015-85.2017.8.02.0000,4/1/2017,Alimentar,2018,TJAL,"10.437,17",30/6/2020,Em via de Caucionamento de valor p Pgt.
424,0500519-09.2021.8.02.9003,01/062021,Alimentar,2022,TJAL,"6.513,20",jul./21,
32,0500354-78.2016.8.02.0000,2/8/2016,Alimentar,2018,TJAL,"4.906,68",31/3/2021,PAGO
65,0500013-18.2017.8.02.0000,4/1/2017,Alimentar,2018,TJAL,"1.189,84",30/6/2020,Em via de Caucionamento de valor p Pgt.